username,Chrome,Mozilla,Safari,Edge,iOS,Android
z5ppsa,737,670,695,737,771,750
mr6a4edsu,738,670,695,737,771,750
b4jg4ikap,738,670,695,737,772,750
s27jycmo,738,670,695,737,772,751
oszchl,739,670,695,737,772,751
pv11znu,739,670,695,737,773,751
5eernjo,739,670,695,737,773,752
7uxjujjsw,739,670,695,737,773,753
a1os2d7,740,670,695,737,773,753
lgzlz9u,740,671,695,737,773,753
dpo5nlj,740,671,695,738,773,753
dryn5m2s,740,672,695,738,773,753
0g5r4b,740,672,695,738,773,754
u8rxitvaq,740,672,695,738,774,754
682slpp,740,672,696,738,774,754
enx2nq7g,741,672,696,738,774,754
51s12d8pex,742,672,696,738,774,754
dpo5nlj,742,672,696,739,774,754
hb6fe7z,742,672,696,740,774,754
dqxjzzub0b,742,673,696,740,774,754
jcrpm3,742,673,696,741,774,754
ggp0wu,742,673,697,741,774,754
o4yu2ni,742,673,697,741,775,754
enx2nq7g,742,673,698,741,775,754
6zy8av,742,673,698,741,776,754
d6e7nji08,742,673,698,742,776,754
mm2snam,742,674,698,742,776,754
dryn5m2s,742,674,699,742,776,754
o4yu2ni,742,674,699,743,776,754
7uxjujjsw,742,674,699,743,776,755
ggp0wu,743,674,699,743,776,755
enx2nq7g,744,674,699,743,776,755
s27jycmo,744,674,699,743,777,755
sarg9xve,745,674,699,743,777,755
gb4s6zeaez,745,674,700,743,777,755
v2egtyjr,745,674,700,743,778,755
ppkh81,745,674,700,743,778,756
rapjnlqp58,745,674,701,743,778,756
51s12d8pex,746,674,701,743,778,756
7uxjujjsw,746,674,702,743,778,756
lsjh35hcc,746,674,702,743,779,756
v2egtyjr,746,674,703,743,779,756
dj6a4fu4r,746,674,704,743,779,756
lsjh35hcc,746,675,704,743,779,756
dryn5m2s,746,675,704,743,779,757
m8by9dqp8,746,675,704,743,780,757
38cxf71j,747,675,704,743,780,757
b4jg4ikap,747,675,704,744,780,757
3zd24a,747,675,704,744,781,757
4aa18sq9q,748,675,704,744,781,757
vzitnu6,749,675,704,744,781,757
vbagq1m7,749,675,704,745,781,757
jcrpm3,750,675,704,745,781,757
6zy8av,750,675,705,745,781,757
jou6ddgzab,750,676,705,745,781,757
sjhd16d,750,676,705,746,781,757
5a6x59,750,676,705,747,781,757
vbagq1m7,750,676,705,748,781,757
0g6yyf2uwa,750,676,705,748,782,757
vbagq1m7,750,677,705,748,782,757
38cxf71j,750,678,705,748,782,757
8dmbuk,750,678,706,748,782,757
hb6fe7z,750,678,706,748,782,758
ov19mjuhy2,750,679,706,748,782,758
yq27x02s9,750,679,706,748,782,759
yx9ebpgt0k,750,679,706,748,783,759
l3hdmo,750,680,706,748,783,759
yq27x02s9,750,680,706,749,783,759
go86h19i,750,680,706,750,783,759
cpocqc,750,680,706,750,784,759
enx2nq7g,750,680,706,750,784,760
6zy8av,750,680,706,750,785,760
7uxjujjsw,750,680,706,750,785,761
ienr9qma,750,681,706,750,785,761
lsjh35hcc,750,681,706,751,785,761
yq27x02s9,751,681,706,751,785,761
sjhd16d,751,681,706,751,786,761
y997cgw,751,681,706,752,786,761
4o4i77,751,681,706,752,787,761
4aa18sq9q,751,681,706,753,787,761
t86p8f,751,681,706,753,788,761
81nbxztx,751,681,706,753,789,761
2usd5hgc3,751,681,707,753,789,761
sck8r6,751,681,708,753,789,761
o4yu2ni,752,681,708,753,789,761
8dmbuk,752,682,708,753,789,761
yakr5hovei,753,682,708,753,789,761
u82xfg0ig4,754,682,708,753,789,761
lsjh35hcc,754,682,708,754,789,761
t86p8f,754,682,708,754,790,761
51s12d8pex,755,682,708,754,790,761
sarg9xve,755,682,708,754,790,762
c3zybvi1x,755,682,708,755,790,762
5f9l1q,755,682,708,755,791,762
o4yu2ni,756,682,708,755,791,762
2usd5hgc3,757,682,708,755,791,762
3zd24a,757,682,708,755,791,763
ienr9qma,757,682,708,756,791,763
rgefc8,757,682,708,756,792,763
81nbxztx,758,682,708,756,792,763
qxz8lq64,759,682,708,756,792,763
sh0yqe,759,682,708,757,792,763
0g5r4b,760,682,708,757,792,763
682slpp,760,683,708,757,792,763
mr6a4edsu,760,684,708,757,792,763
sh0yqe,760,684,708,757,793,763
92i6v90v,761,684,708,757,793,763
682slpp,761,684,708,757,793,764
yx9ebpgt0k,761,684,709,757,793,764
8dmbuk,761,684,709,757,793,765
u82xfg0ig4,761,684,710,757,793,765
xs4isjxpn,761,684,711,757,793,765
76dzt51h60,761,684,712,757,793,765
3zd24a,761,685,712,757,793,765
t86p8f,761,686,712,757,793,765
9epv0y,761,686,713,757,793,765
ppkh81,761,687,713,757,793,765
6zy8av,761,687,713,757,794,765
t20zmvbi7g,761,687,713,757,794,766
iqmdl3jwp,761,687,713,758,794,766
sck8r6,762,687,713,758,794,766
mm2snam,762,687,714,758,794,766
ienr9qma,763,687,714,758,794,766
dj6a4fu4r,763,687,714,758,794,767
m8by9dqp8,763,687,714,759,794,767
y997cgw,763,688,714,759,794,767
go86h19i,763,689,714,759,794,767
lxqnuk5,764,689,714,759,794,767
z5ppsa,764,689,714,759,795,767
l3hdmo,764,689,714,759,795,768
ggp0wu,764,689,714,759,795,769
ienr9qma,764,689,714,760,795,769
0g5r4b,764,690,714,760,795,769
62baybw4n3,764,690,715,760,795,769
n5ktggln32,764,690,715,760,796,769
4ke2crd,764,690,715,760,797,769
kz2pvn,764,691,715,760,797,769
enx2nq7g,764,691,715,761,797,769
4ke2crd,764,691,715,761,798,769
s27jycmo,764,692,715,761,798,769
vbagq1m7,764,692,715,761,799,769
pv11znu,765,692,715,761,799,769
j7one03,765,692,715,762,799,769
cikvmc9p,765,692,715,762,800,769
m8by9dqp8,765,692,715,762,801,769
b4jg4ikap,765,692,715,762,801,770
b4jg4ikap,765,692,715,762,801,771
dtv30jfk,766,692,715,762,801,771
v2egtyjr,766,692,715,762,802,771
anmj8m55re,766,692,715,762,803,771
c3zybvi1x,767,692,715,762,803,771
anmj8m55re,767,692,715,763,803,771
fvs7j14,767,693,715,763,803,771
38cxf71j,767,693,715,764,803,771
anmj8m55re,767,693,715,764,803,772
lgzlz9u,767,694,715,764,803,772
jcrpm3,767,694,715,764,804,772
ggp0wu,767,694,715,764,805,772
uaifn3x,767,695,715,764,805,772
hb6fe7z,767,695,716,764,805,772
vzitnu6,768,695,716,764,805,772
s27jycmo,768,696,716,764,805,772
lxqnuk5,768,696,717,764,805,772
m8by9dqp8,768,696,717,764,806,772
n5ktggln32,768,696,717,764,806,773
8he3w9p3ov,769,696,717,764,806,773
l3hdmo,769,696,717,765,806,773
enx2nq7g,770,696,717,765,806,773
qxz8lq64,771,696,717,765,806,773
lsjh35hcc,771,696,717,765,806,774
jou6ddgzab,771,696,717,766,806,774
81nbxztx,772,696,717,766,806,774
7uxjujjsw,772,696,717,766,806,775
dpo5nlj,773,696,717,766,806,775
t86p8f,773,697,717,766,806,775
ov19mjuhy2,773,697,717,767,806,775
4ke2crd,774,697,717,767,806,775
dqxjzzub0b,774,697,717,767,807,775
r7g6is8f,774,697,717,767,808,775
r7g6is8f,774,697,717,767,808,776
0jeukkh3,774,697,717,768,808,776
mr6a4edsu,774,697,718,768,808,776
go86h19i,774,697,718,768,808,777
s5anh4,774,697,718,769,808,777
t86p8f,774,697,719,769,808,777
9epv0y,774,697,719,769,808,778
dtv30jfk,774,697,719,769,808,779
pv11znu,774,698,719,769,808,779
5eernjo,774,698,719,769,809,779
51s12d8pex,774,698,719,769,809,780
751hlmco05,774,698,719,769,809,781
l3hdmo,774,698,719,769,810,781
0g6yyf2uwa,774,699,719,769,810,781
0g5r4b,774,700,719,769,810,781
dtv30jfk,775,700,719,769,810,781
38cxf71j,775,700,720,769,810,781
a1os2d7,775,700,720,769,811,781
dtv30jfk,775,700,720,770,811,781
cikvmc9p,775,700,720,770,811,782
m8by9dqp8,775,700,720,770,812,782
0jeukkh3,775,700,721,770,812,782
682slpp,775,700,722,770,812,782
a1os2d7,775,701,722,770,812,782
sjhd16d,775,701,723,770,812,782
0g6yyf2uwa,775,702,723,770,812,782
garkajizon,775,702,723,770,813,782
r7g6is8f,775,702,723,770,814,782
dj6a4fu4r,775,702,724,770,814,782
y997cgw,775,702,724,770,815,782
0g6yyf2uwa,775,702,724,771,815,782
76dzt51h60,775,702,724,771,815,783
4o4i77,775,702,724,771,815,784
b4jg4ikap,775,702,725,771,815,784
06fo1jldin,775,702,726,771,815,784
ov19mjuhy2,775,702,727,771,815,784
dryn5m2s,775,702,728,771,815,784
iqmdl3jwp,775,702,729,771,815,784
dj6a4fu4r,776,702,729,771,815,784
cpocqc,776,702,729,772,815,784
sarg9xve,776,702,729,772,815,785
92i6v90v,776,702,730,772,815,785
sjhd16d,776,702,730,772,816,785
jou6ddgzab,776,703,730,772,816,785
81nbxztx,776,703,731,772,816,785
hb6fe7z,776,703,732,772,816,785
fvs7j14,776,703,732,773,816,785
38cxf71j,776,703,732,774,816,785
vtgpgk1,776,703,732,774,816,786
5eernjo,776,703,732,775,816,786
sck8r6,776,703,732,775,816,787
dryn5m2s,776,703,732,775,816,788
sjhd16d,776,703,732,775,817,788
8aqsrk6y9,776,704,732,775,817,788
51s12d8pex,776,705,732,775,817,788
qxz8lq64,776,706,732,775,817,788
8dmbuk,777,706,732,775,817,788
sarg9xve,777,706,732,776,817,788
ov19mjuhy2,777,706,732,777,817,788
0ljs3muxx7,777,707,732,777,817,788
8he3w9p3ov,777,708,732,777,817,788
ppkh81,777,709,732,777,817,788
cpocqc,777,710,732,777,817,788
vbagq1m7,777,710,732,777,817,789
ewndecj0w,778,710,732,777,817,789
dqxjzzub0b,778,710,732,777,817,790
anmj8m55re,778,710,732,777,818,790
4ke2crd,778,710,732,777,818,791
ggp0wu,778,711,732,777,818,791
xs4isjxpn,778,711,733,777,818,791
fvs7j14,778,712,733,777,818,791
4aa18sq9q,778,712,734,777,818,791
38cxf71j,778,712,734,777,818,792
mr6a4edsu,778,712,734,778,818,792
ppkh81,778,712,734,779,818,792
ov19mjuhy2,779,712,734,779,818,792
vbagq1m7,779,712,734,779,819,792
go86h19i,779,713,734,779,819,792
t86p8f,779,713,735,779,819,792
kz2pvn,779,714,735,779,819,792
6zy8av,779,714,735,779,819,793
n5ktggln32,779,714,736,779,819,793
a1os2d7,780,714,736,779,819,793
62baybw4n3,780,715,736,779,819,793
go86h19i,780,715,736,779,819,794
vtgpgk1,781,715,736,779,819,794
6zy8av,781,715,736,779,820,794
b4jg4ikap,781,715,737,779,820,794
go86h19i,781,715,737,779,820,795
6zy8av,782,715,737,779,820,795
rqq6iz,783,715,737,779,820,795
0g6yyf2uwa,784,715,737,779,820,795
4ke2crd,784,715,737,780,820,795
jou6ddgzab,785,715,737,780,820,795
51s12d8pex,785,715,738,780,820,795
mr6a4edsu,786,715,738,780,820,795
cikvmc9p,787,715,738,780,820,795
mm2snam,788,715,738,780,820,795
ienr9qma,788,716,738,780,820,795
enx2nq7g,788,716,738,780,821,795
6zy8av,788,716,738,780,822,795
8he3w9p3ov,788,716,738,780,822,796
s27jycmo,788,717,738,780,822,796
cikvmc9p,788,717,738,780,822,797
ienr9qma,788,717,739,780,822,797
m8by9dqp8,788,718,739,780,822,797
pv11znu,788,718,739,780,822,798
4ke2crd,788,718,739,780,823,798
dpo5nlj,789,718,739,780,823,798
38cxf71j,790,718,739,780,823,798
0jeukkh3,791,718,739,780,823,798
sh0yqe,791,718,739,780,824,798
vbagq1m7,791,719,739,780,824,798
9epv0y,791,719,739,781,824,798
0g5r4b,791,719,739,781,824,799
m8by9dqp8,791,719,740,781,824,799
oszchl,791,719,740,781,825,799
sh0yqe,791,719,740,781,826,799
92i6v90v,791,719,740,781,826,800
i53b5unz,791,720,740,781,826,800
lxqnuk5,791,721,740,781,826,800
7puys2l6i,791,721,741,781,826,800
gb4s6zeaez,791,722,741,781,826,800
xs4isjxpn,791,723,741,781,826,800
qvzeqeu,791,723,742,781,826,800
38cxf71j,791,723,742,782,826,800
iqmdl3jwp,791,723,742,782,827,800
vtgpgk1,791,723,742,783,827,800
lxqnuk5,791,723,742,783,828,800
dj6a4fu4r,791,723,743,783,828,800
s27jycmo,791,723,743,784,828,800
sjhd16d,791,723,743,784,828,801
2usd5hgc3,791,724,743,784,828,801
t20zmvbi7g,791,724,743,785,828,801
sck8r6,791,724,743,786,828,801
z5ppsa,791,724,743,787,828,801
qvzeqeu,791,725,743,787,828,801
5eernjo,792,725,743,787,828,801
0jeukkh3,793,725,743,787,828,801
4o4i77,793,725,743,787,828,802
m8by9dqp8,793,726,743,787,828,802
8dmbuk,793,726,744,787,828,802
5a6x59,793,727,744,787,828,802
vtgpgk1,793,728,744,787,828,802
rgefc8,793,729,744,787,828,802
5eernjo,793,730,744,787,828,802
qxz8lq64,793,730,744,788,828,802
m8by9dqp8,794,730,744,788,828,802
b4jg4ikap,794,730,745,788,828,802
dj6a4fu4r,794,730,745,789,828,802
9epv0y,794,730,745,790,828,802
ov19mjuhy2,794,730,746,790,828,802
dqxjzzub0b,794,730,747,790,828,802
ppkh81,795,730,747,790,828,802
oszchl,795,730,747,790,829,802
dpo5nlj,796,730,747,790,829,802
m8by9dqp8,796,730,748,790,829,802
mr6a4edsu,796,730,749,790,829,802
q0bxm1opb,796,730,749,790,830,802
dpo5nlj,796,730,750,790,830,802
uaifn3x,796,730,750,790,830,803
7uxjujjsw,796,730,750,790,831,803
5f9l1q,796,731,750,790,831,803
fo48o9uo,796,731,750,791,831,803
3zd24a,796,732,750,791,831,803
gb4s6zeaez,796,732,750,792,831,803
mr6a4edsu,796,732,750,792,831,804
4o4i77,796,732,751,792,831,804
vtgpgk1,796,733,751,792,831,804
yakr5hovei,796,733,752,792,831,804
d6e7nji08,796,733,752,793,831,804
vzitnu6,797,733,752,793,831,804
rapjnlqp58,797,733,752,794,831,804
rgefc8,797,733,752,794,832,804
go86h19i,797,733,753,794,832,804
sjhd16d,797,733,753,794,832,805
2usd5hgc3,797,733,754,794,832,805
u82xfg0ig4,798,733,754,794,832,805
6zy8av,798,734,754,794,832,805
dj6a4fu4r,799,734,754,794,832,805
682slpp,800,734,754,794,832,805
4o4i77,800,735,754,794,832,805
682slpp,801,735,754,794,832,805
76dzt51h60,801,735,754,794,832,806
qxz8lq64,801,735,755,794,832,806
garkajizon,801,736,755,794,832,806
hb6fe7z,801,736,755,794,832,807
3zd24a,802,736,755,794,832,807
cpocqc,802,736,755,795,832,807
y997cgw,803,736,755,795,832,807
cikvmc9p,803,736,755,796,832,807
sarg9xve,803,736,756,796,832,807
sck8r6,803,736,757,796,832,807
kz2pvn,803,736,757,796,833,807
0g5r4b,803,737,757,796,833,807
yq27x02s9,803,737,757,797,833,807
682slpp,803,738,757,797,833,807
z5ppsa,804,738,757,797,833,807
y997cgw,804,738,757,798,833,807
sjhd16d,804,738,758,798,833,807
kz2pvn,804,738,758,799,833,807
rgefc8,805,738,758,799,833,807
y997cgw,805,738,758,800,833,807
iqmdl3jwp,805,739,758,800,833,807
hb6fe7z,805,739,759,800,833,807
jcrpm3,805,739,759,800,834,807
r7g6is8f,806,739,759,800,834,807
t86p8f,806,739,759,800,834,808
4o4i77,806,740,759,800,834,808
6zy8av,806,740,759,800,834,809
i53b5unz,807,740,759,800,834,809
92i6v90v,808,740,759,800,834,809
sjhd16d,808,740,759,801,834,809
5eernjo,808,740,759,801,835,809
8he3w9p3ov,808,741,759,801,835,809
6zy8av,808,741,759,801,835,810
p0bt0n23s,808,742,759,801,835,810
9epv0y,808,742,760,801,835,810
xs4isjxpn,808,743,760,801,835,810
oszchl,809,743,760,801,835,810
qvzeqeu,809,743,760,802,835,810
sh0yqe,809,744,760,802,835,810
dqxjzzub0b,809,744,760,803,835,810
ienr9qma,809,744,760,804,835,810
garkajizon,809,744,760,804,835,811
dqxjzzub0b,809,744,760,804,836,811
pv11znu,809,744,760,804,837,811
vtgpgk1,809,744,760,804,837,812
ewndecj0w,809,744,760,805,837,812
mr6a4edsu,809,744,760,806,837,812
hb6fe7z,810,744,760,806,837,812
q0bxm1opb,810,744,760,806,837,813
yakr5hovei,811,744,760,806,837,813
z5ppsa,811,745,760,806,837,813
xs4isjxpn,811,746,760,806,837,813
yq27x02s9,811,746,760,806,838,813
yx9ebpgt0k,811,747,760,806,838,813
62baybw4n3,811,748,760,806,838,813
0jeukkh3,811,748,760,806,838,814
62baybw4n3,811,748,761,806,838,814
6zy8av,811,749,761,806,838,814
v2egtyjr,811,749,761,807,838,814
dj6a4fu4r,812,749,761,807,838,814
3zd24a,812,749,761,807,838,815
j7one03,812,749,761,807,838,816
t86p8f,812,749,762,807,838,816
qxz8lq64,812,749,763,807,838,816
i53b5unz,812,749,763,807,838,817
yakr5hovei,812,749,763,808,838,817
mr6a4edsu,812,749,763,808,839,817
jcrpm3,812,750,763,808,839,817
6zy8av,812,751,763,808,839,817
qvzeqeu,812,751,764,808,839,817
cikvmc9p,812,751,764,808,839,818
s5anh4,812,751,764,808,840,818
5f9l1q,812,751,764,809,840,818
4ke2crd,812,751,764,810,840,818
rapjnlqp58,812,751,764,810,840,819
3zd24a,812,751,764,811,840,819
hb6fe7z,813,751,764,811,840,819
3zd24a,813,752,764,811,840,819
s5anh4,813,752,764,811,840,820
s27jycmo,814,752,764,811,840,820
c3zybvi1x,814,752,764,812,840,820
2usd5hgc3,815,752,764,812,840,820
n5ktggln32,815,752,764,813,840,820
j7one03,815,752,765,813,840,820
lxqnuk5,815,752,765,814,840,820
b4jg4ikap,815,752,765,815,840,820
hb6fe7z,815,753,765,815,840,820
iqmdl3jwp,815,753,765,815,840,821
r7g6is8f,816,753,765,815,840,821
fvs7j14,816,753,765,815,841,821
vtgpgk1,816,753,765,815,841,822
qvzeqeu,817,753,765,815,841,822
lgzlz9u,817,753,765,816,841,822
vtgpgk1,817,753,765,816,841,823
sck8r6,817,754,765,816,841,823
xs4isjxpn,817,755,765,816,841,823
qvzeqeu,817,755,765,817,841,823
yx9ebpgt0k,817,755,766,817,841,823
qxz8lq64,817,755,766,817,841,824
fvs7j14,817,755,766,817,842,824
lgzlz9u,817,755,766,817,842,825
dpo5nlj,817,755,766,817,842,826
5a6x59,817,755,766,817,843,826
nm5w24m,817,756,766,817,843,826
76dzt51h60,817,757,766,817,843,826
rqq6iz,818,757,766,817,843,826
s27jycmo,818,757,766,817,844,826
p0bt0n23s,818,757,766,817,844,827
m8by9dqp8,819,757,766,817,844,827
8dmbuk,819,757,766,817,844,828
u82xfg0ig4,819,757,766,817,844,829
diwnna,819,757,766,817,844,830
t86p8f,820,757,766,817,844,830
yq27x02s9,820,757,766,817,845,830
d6e7nji08,820,758,766,817,845,830
dtv30jfk,821,758,766,817,845,830
fo48o9uo,821,758,766,817,846,830
t86p8f,821,759,766,817,846,830
r7g6is8f,821,760,766,817,846,830
vzitnu6,821,760,766,817,847,830
5a6x59,821,760,766,817,847,831
y997cgw,822,760,766,817,847,831
u82xfg0ig4,822,761,766,817,847,831
u8rxitvaq,823,761,766,817,847,831
sck8r6,824,761,766,817,847,831
vbagq1m7,824,761,767,817,847,831
7uxjujjsw,824,761,767,818,847,831
m8by9dqp8,824,761,768,818,847,831
fo48o9uo,825,761,768,818,847,831
sarg9xve,825,761,769,818,847,831
92i6v90v,825,761,769,818,848,831
vzitnu6,825,761,769,818,848,832
5f9l1q,825,761,770,818,848,832
qvzeqeu,825,761,771,818,848,832
76dzt51h60,825,761,771,818,849,832
vbagq1m7,825,761,771,819,849,832
dj6a4fu4r,825,761,771,819,849,833
yakr5hovei,825,761,771,819,849,834
enx2nq7g,825,761,772,819,849,834
r7g6is8f,825,761,773,819,849,834
iqmdl3jwp,825,762,773,819,849,834
8he3w9p3ov,825,763,773,819,849,834
fo48o9uo,825,763,773,819,849,835
mr6a4edsu,825,764,773,819,849,835
i53b5unz,825,764,774,819,849,835
jou6ddgzab,825,765,774,819,849,835
7puys2l6i,825,765,775,819,849,835
j7one03,826,765,775,819,849,835
b4jg4ikap,826,766,775,819,849,835
z5ppsa,827,766,775,819,849,835
